starcore-platform	Fatalerorr69/starcore-platform	false	false	main	2026-08-06T00:26:02Z	https://github.com/Fatalerorr69/starcore-platform
prepare-proxmox-usb	Fatalerorr69/prepare-proxmox-usb	false	false	main	2026-07-04T11:43:15Z	https://github.com/Fatalerorr69/prepare-proxmox-usb
STARCORE	Fatalerorr69/STARCORE	false	false	main	2026-07-03T04:25:36Z	https://github.com/Fatalerorr69/STARCORE
Starcore_hive	Fatalerorr69/Starcore_hive	false	false	main	2026-07-03T03:01:47Z	https://github.com/Fatalerorr69/Starcore_hive
STARCORE-AUTO-BUILDER-v3.0-LIVE-DASHBOARD	Fatalerorr69/STARCORE-AUTO-BUILDER-v3.0-LIVE-DASHBOARD	false	false	main	2026-06-28T17:09:21Z	https://github.com/Fatalerorr69/STARCORE-AUTO-BUILDER-v3.0-LIVE-DASHBOARD
GenesisCraft	Fatalerorr69/GenesisCraft	false	false	main	2026-04-18T11:16:18Z	https://github.com/Fatalerorr69/GenesisCraft
Genesis_Aetema	Fatalerorr69/Genesis_Aetema	false	false	main	2026-04-17T21:00:14Z	https://github.com/Fatalerorr69/Genesis_Aetema
rpi5-github-catalog	Fatalerorr69/rpi5-github-catalog	false	false	main	2026-03-01T04:30:45Z	https://github.com/Fatalerorr69/rpi5-github-catalog
starko-rpi5-ai-workspace	Fatalerorr69/starko-rpi5-ai-workspace	false	false	main	2025-11-21T21:10:30Z	https://github.com/Fatalerorr69/starko-rpi5-ai-workspace
platform	Fatalerorr69/platform	false	false	main	2026-02-21T15:33:58Z	https://github.com/Fatalerorr69/platform
ubuntu_server1	Fatalerorr69/ubuntu_server1	false	false	main	2026-02-16T05:15:52Z	https://github.com/Fatalerorr69/ubuntu_server1
twisteros_supermanager	Fatalerorr69/twisteros_supermanager	false	false	main	2025-11-21T14:28:02Z	https://github.com/Fatalerorr69/twisteros_supermanager
tsx	Fatalerorr69/tsx	false	false	master	2026-02-28T22:05:17Z	https://github.com/Fatalerorr69/tsx
PROJEKT-GENESIS-2026	Fatalerorr69/PROJEKT-GENESIS-2026	false	false	main	2026-02-06T07:03:14Z	https://github.com/Fatalerorr69/PROJEKT-GENESIS-2026
containers-template	Fatalerorr69/containers-template	false	false	main	2026-01-21T10:42:59Z	https://github.com/Fatalerorr69/containers-template
containers-templatemhv	Fatalerorr69/containers-templatemhv	false	false	main	2026-01-21T16:21:12Z	https://github.com/Fatalerorr69/containers-templatemhv
d1-rest	Fatalerorr69/d1-rest	false	false	main	2026-01-21T12:24:05Z	https://github.com/Fatalerorr69/d1-rest
containers-pokus	Fatalerorr69/containers-pokus	false	false	main	2026-01-21T14:53:41Z	https://github.com/Fatalerorr69/containers-pokus
OctopusCLI	Fatalerorr69/OctopusCLI	false	false	main	2022-04-08T19:05:45Z	https://github.com/Fatalerorr69/OctopusCLI
ubuntu_gameserver	Fatalerorr69/ubuntu_gameserver	false	false	main	2025-12-30T17:38:54Z	https://github.com/Fatalerorr69/ubuntu_gameserver
MINIMAL-NAS-WEB-EDITION	Fatalerorr69/MINIMAL-NAS-WEB-EDITION	false	false	main	2025-12-30T02:36:28Z	https://github.com/Fatalerorr69/MINIMAL-NAS-WEB-EDITION
Skripty	Fatalerorr69/Skripty	false	false	main	2025-12-29T07:56:27Z	https://github.com/Fatalerorr69/Skripty
ultra	Fatalerorr69/ultra	false	false	main	2025-12-20T13:31:00Z	https://github.com/Fatalerorr69/ultra
uwp	Fatalerorr69/uwp	false	false	main	2025-12-19T23:47:46Z	https://github.com/Fatalerorr69/uwp
acode-dev-tools	Fatalerorr69/acode-dev-tools	false	false	main	2025-12-16T07:52:40Z	https://github.com/Fatalerorr69/acode-dev-tools
.acode_dev_master	Fatalerorr69/.acode_dev_master	false	false	main	2025-12-15T14:01:23Z	https://github.com/Fatalerorr69/.acode_dev_master
Acode_Dev_Master	Fatalerorr69/Acode_Dev_Master	false	false	main	2025-12-15T11:02:47Z	https://github.com/Fatalerorr69/Acode_Dev_Master
MD_installer	Fatalerorr69/MD_installer	false	false	main	2025-12-07T16:12:34Z	https://github.com/Fatalerorr69/MD_installer
SuperNastroj	Fatalerorr69/SuperNastroj	false	false	main	2025-12-06T13:43:54Z	https://github.com/Fatalerorr69/SuperNastroj
Ollama	Fatalerorr69/Ollama	false	false	main	2025-12-06T06:14:12Z	https://github.com/Fatalerorr69/Ollama
Starko-Ultimate-Recovery-USB	Fatalerorr69/Starko-Ultimate-Recovery-USB	false	false	main	2025-12-05T16:12:32Z	https://github.com/Fatalerorr69/Starko-Ultimate-Recovery-USB
VS-code	Fatalerorr69/VS-code	true	false	main	2025-11-20T11:45:15Z	https://github.com/Fatalerorr69/VS-code
rpi5-homeassistant-suite	Fatalerorr69/rpi5-homeassistant-suite	false	false	main	2025-11-12T16:50:53Z	https://github.com/Fatalerorr69/rpi5-homeassistant-suite
universal-ai-codespace	Fatalerorr69/universal-ai-codespace	false	false	main	2025-11-12T15:47:07Z	https://github.com/Fatalerorr69/universal-ai-codespace
nymeakiosk-ultimate-system	Fatalerorr69/nymeakiosk-ultimate-system	false	false	main	2025-11-11T23:03:00Z	https://github.com/Fatalerorr69/nymeakiosk-ultimate-system
AI-PROJECT-ANALYZER	Fatalerorr69/AI-PROJECT-ANALYZER	false	false	main	2025-11-10T16:43:02Z	https://github.com/Fatalerorr69/AI-PROJECT-ANALYZER
rpi5-starkhost	Fatalerorr69/rpi5-starkhost	false	false	main	2025-10-30T17:04:27Z	https://github.com/Fatalerorr69/rpi5-starkhost
Ultimate-Raspberry-Pi-5-All-in-One-Installer	Fatalerorr69/Ultimate-Raspberry-Pi-5-All-in-One-Installer	false	false	main	2025-09-23T07:56:01Z	https://github.com/Fatalerorr69/Ultimate-Raspberry-Pi-5-All-in-One-Installer
Dokumenty	Fatalerorr69/Dokumenty	true	false		2025-07-27T07:37:34Z	https://github.com/Fatalerorr69/Dokumenty
OpenMediaVault	Fatalerorr69/OpenMediaVault	true	false		2024-09-25T10:55:04Z	https://github.com/Fatalerorr69/OpenMediaVault
Sui	Fatalerorr69/Sui	false	false	master	2023-01-05T02:59:34Z	https://github.com/Fatalerorr69/Sui
ripe-atlas-cousteau	Fatalerorr69/ripe-atlas-cousteau	false	false	master	2022-03-03T00:34:21Z	https://github.com/Fatalerorr69/ripe-atlas-cousteau
VBBuildManager	Fatalerorr69/VBBuildManager	false	false	master	2024-03-16T12:48:49Z	https://github.com/Fatalerorr69/VBBuildManager
