"Name","FullPath","RelativePath","Branch","Origin","Upstream","AheadBehind","HEAD","WorkingTreeDirty","Status","LastCommitHash","LastCommitDate","LastCommitAuthor","LastCommitSubject","SizeBytes","FileCount","README","Manifests"
"AI-PROJECT-ANALYZER","E:\GIT\AI-PROJECT-ANALYZER","AI-PROJECT-ANALYZER","main","https://github.com/Fatalerorr69/AI-PROJECT-ANALYZER.git","origin/main","0	0","dde1832931a1c670f94c8b2fbcc6ee8de0b54dbc","False","## main...origin/main","dde1832931a1c670f94c8b2fbcc6ee8de0b54dbc","2025-11-10T10:09:09+01:00","Jacob Starko","Update 1.0.0","30341","20","README.md","docker-compose.yml; requirements.txt"
"Genesis Aeterna","E:\GIT\Genesis Aeterna","Genesis Aeterna","master","error: No such remote 'origin'","fatal: no upstream configured for branch 'master'","fatal: no upstream configured for branch 'master'","52848c2136a4df8a96e90a02b0b103314d06d189","False","## master","52848c2136a4df8a96e90a02b0b103314d06d189","2026-04-18T01:24:34+02:00","Fatalerorr69","Initial commit - Genesis Aeterna v10.0 documentation and scripts","137748","20","",""
"MD_installer","E:\GIT\MD_installer","MD_installer","main","https://github.com/Fatalerorr69/MD_installer.git","origin/main","0	0","16b2d73c072c0627d404218795194dc65d15e721","False","## main...origin/main","16b2d73c072c0627d404218795194dc65d15e721","2025-12-06T19:30:00+01:00","Jacob Starko","Create integrate_web_gui.sh","102809","19","README.md",""
"rpi5-homeassistant-suite","E:\GIT\rpi5-homeassistant-suite","rpi5-homeassistant-suite","main","https://github.com/Fatalerorr69/rpi5-homeassistant-suite.git","origin/main","0	0","b6e80f02a0350bed469cc38a0af856ac8a31c8a4","True","## main...origin/main
A  .github/workflows/ci.yml
?? INSTALLATION_GUIDE.md","b6e80f02a0350bed469cc38a0af856ac8a31c8a4","2025-11-11T16:12:08+01:00","Jacob Starko","Kompletn├ş oprava instala─Źn├şch skript┼»","190353","49","README.md","docker-compose.yml"
"SuperNastroj_v5","E:\GIT\SuperNastroj_v5","SuperNastroj_v5","main","https://github.com/Fatalerorr69/SuperNastroj.git","origin/main","0	0","049ab782ffb2e01c3c3ab192f755613904e6022f","True","## main...origin/main
?? SuperNastroj_Linux.sh","049ab782ffb2e01c3c3ab192f755613904e6022f","2025-12-06T09:52:19+01:00","Jacob Starko","Popis zm─Ťn","226496","22","README.md",""
"universal-ai-codespace","E:\GIT\universal-ai-codespace","universal-ai-codespace","main","https://github.com/Fatalerorr69/universal-ai-codespace.git","origin/main","0	0","d9389ce74f7a7d3ef58e13e7a1ecf0873bb04e52","False","## main...origin/main","d9389ce74f7a7d3ef58e13e7a1ecf0873bb04e52","2025-11-12T16:28:39+01:00","Jacob Starko","Initial commit with devcontainer setup","15529","5","README.md",""
"twisteros_supermanager","E:\GIT\VScode\RPI5\twisteros_supermanager","VScode\RPI5\twisteros_supermanager","main","https://github.com/Fatalerorr69/twisteros_supermanager.git","origin/main","0	0","cf6734465f1699fb37edd82f23da5453be99097b","False","## main...origin/main","cf6734465f1699fb37edd82f23da5453be99097b","2025-11-21T15:27:51+01:00","Jacob Starko","It looks like you've provided an error message (""Not a git repository"") instead of a git diff. A git diff shows the specific code changes (lines added, removed, or modified) between commits or your working directory.","160779","121","README.md",""
"starcore-platform","E:\GIT\starcore-platform","starcore-platform","main","git@github.com:Fatalerorr69/starcore-platform.git","origin/main","0	3","6c70286017211c9cd6bdba34480203ee211ba386","False","## main...origin/main [behind 3]","6c70286017211c9cd6bdba34480203ee211ba386","2026-07-26T20:21:07+02:00","Jacob Starko","Sprint 024 ÔÇö ADR-010 property-based tests, test catalog update (#106)","2990114","506","README.md","Makefile; docker-compose.yml; pyproject.toml"
