"RelativePath","SizeBytes","SHA256"
"checkpoint.json","1213","4E556D30CB0953B22A02848945AD4A7374BF25C3044A768B9129F1371B054C27"
"git-forensic\20260812_062520\git-forensic-audit.json","22338","C08C2B6957009AD52321FCD82303EA01D9AF32387DB3C9299ABA1385B26CC16A"
"git-forensic\20260812_062520\git-repositories.csv","2383","4977DCEDBF7BC07B2877EA1B42788DEA2CF2083642F808B902FBD8150511DB5E"
"repository-forensic\20260812_064115\repository-forensics.json","43823","30DE27E15E974BB446C2110E4713BFBB71B844CDF2C602BCB422B2625E251DA8"
"repository-forensic\20260812_064115\repository-files.csv","144750","27F60E608BDAF34BCA80E4840DE748A4A3B83C56B2A575369F3C1A0EAC24E1C3"
"repository-forensic\20260812_064115\repository-status.csv","620","724F9CB34726FC4DE695614168AAEE90DA5300DF6E718EF3EB47242304F00DC3"
"repository-forensic\20260812_064115\repository-branches.csv","2856","B7D00958CB2DE819F3B1ED6FEB449085F59F1EFFAD005F1400A80520E8C0613B"
"repository-forensic\20260812_064115\repository-worktrees.csv","1961","DF540D1442E5141E23152197B30B9DF06CAE7D590FB410CC5F5985F9A32F63EF"
"repository-forensic\20260812_064115\forensic-summary.txt","444","131610C5FF4A20142BEFCEB8BB4B05B0D6A1AFC02DB25DB1183BC1991CC4EA34"
